-- +goose Up
-- +goose StatementBegin
INSERT INTO roles (id, name, privilege, created_by, updated_by, created_at, updated_at) VALUES
(1, 'SUPERADMIN', '', 1, 1, NOW(), NOW()),
(2, 'ADMIN', '', 1, 1, NOW(), NOW()),
(3, 'EMPLOYEE', '', 1, 1, NOW(), NOW());

INSERT INTO users (id, uuid, username, password_hash, full_name, role_id, created_by, updated_by, created_at, updated_at) VALUES
(1, '3a4f6c76-3a44-4010-b82e-aed20d8f08de', 'superadmin', '$2a$10$vFVwpWDwY9gpMnPN/iGNQuWz4FqMvjuX3bt4CA9LzUQDZxdIFrEWu', 'King Alejandrin Hermann', 1, 1, 1,  NOW(), NOW()),
(2, '978b26e8-0d1c-4c4b-85a4-9d5768bcbfbc', 'admin', '$2a$10$7xySaTT/GPs2RgkBZjI/ueJgxUk5Ksk10Epxku9fgRTLXFrPejblm', 'Dr. Deven Reichel', 2, 1, 1,  NOW(), NOW()),
(3, '877d041b-611f-46cf-8eb5-aa13d810ecba', 'user003', '$2a$10$4FNZ9QTj7.iXmreqyANex.hCvAjCA7.E0LaLgfAWHAk5U3T0cnsEe', 'Prince Bobby Champlin', 3, 1, 1,  NOW(), NOW()),
(4, '33148d08-8062-43b4-bdec-fefdbcac7588', 'user004', '$2a$10$eEL4IDUe5b4hZWVOmZTqZuVeRuHymPjG3yBIjNbpvI69C/bnJUKxS', 'Prof. Jamal Kautzer', 3, 1, 1,  NOW(), NOW()),
(5, '6a341a22-58ef-4b70-a655-c5073f9c2b2c', 'user005', '$2a$10$cf9x8dzqQqaILz3Zo1MxZO2epHVtue1nNxbx09xkI6P0ggcsAa./u', 'Dr. Jaden Osinski', 3, 1, 1,  NOW(), NOW()),
(6, 'df8f2823-eed9-4997-852b-d6380b9b2530', 'user006', '$2a$10$fFb5087U5yZ884vWURvDBuY8ajZV6mVYaOsMpENcKsOJM4m.KhSuS', 'Lord Rory Leuschke', 3, 1, 1,  NOW(), NOW()),
(7, '3052cbfc-e5ed-40a3-8146-9fad9888e88a', 'user007', '$2a$10$tAqD3gczeJpWPKrbJYaMYO5UFr7NS9HSdpttyD/fUr.JyxfjkhhnS', 'King Doris Torphy', 3, 1, 1,  NOW(), NOW()),
(8, 'adf9fa1b-6ac4-4116-863e-c9ca1b30f62f', 'user008', '$2a$10$Uen/GGad38CwbqiHmNT/XeG.X2bVpjxzb0T8MPjLF.lP0AJ/nGy5u', 'Mr. Jasmin Schuster', 3, 1, 1,  NOW(), NOW()),
(9, '00ee565f-aa17-4ab3-8ef5-cd70c065fba5', 'user009', '$2a$10$swzMub1VGZfoRzhM/wHvD.z8QzY6KP5Oq/vgxkwQ5/jKEN6TI3QHm', 'Lord Raymundo Morissette', 3, 1, 1,  NOW(), NOW()),
(10, 'afeb2d5a-46a9-4a77-9154-d2d7e06fdbe8', 'user010', '$2a$10$Ly5EYqZYnyjXafeM38cpq.rzrwG/UWFqOe60LH1FMQpCAltmgE6kq', 'Prince Bernard Bartell', 3, 1, 1,  NOW(), NOW()),
(11, 'b4048c8b-d0dd-48ad-a35e-2956745b0e84', 'user011', '$2a$10$N5NfmWNNQRz2bkeYEXMxB.a3G.RcUBNCqn7Lkp3ElmJXOodTd8abK', 'Lord Arno Mante', 3, 1, 1,  NOW(), NOW()),
(12, '246ef894-9439-4e67-9ef1-fe34bce9484b', 'user012', '$2a$10$rQnNLmypWNPnbR7Nt9/Iv.SW.tY8fIBWrS.R.aCklA0dFLJq0gpRq', 'King Arne Langworth', 3, 1, 1,  NOW(), NOW()),
(13, '2ced9a08-f494-499e-9220-17521e45fcc4', 'user013', '$2a$10$e3T8Gs3PHl/Sk1OpwbVMnOC9GAt6Z3wrwl8KJXyIIdKmS5On.r.Ni', 'Dr. Lemuel Barton', 3, 1, 1,  NOW(), NOW()),
(14, '4f87a84b-0bd9-4b54-8942-a2641ad40913', 'user014', '$2a$10$nRM0S1Y6/Bu44YgRafonzeO1tjFd2n0QCSjBFICGb6PJGGEgK2QmK', 'Prof. Carson Reichel', 3, 1, 1,  NOW(), NOW()),
(15, '6dc03546-a5b3-45fa-a99e-b06cfde05047', 'user015', '$2a$10$cwn3.1Amzqq/RDRFRD05MOjlQ8PEtLrLbCgbQuCm930cHY9S07PHa', 'Prince Bud Heller', 3, 1, 1,  NOW(), NOW()),
(16, '495f7fe7-e459-4680-b814-410763cb4a68', 'user016', '$2a$10$wgEenoCCK2etcADuGEfDBOJ7t8VKPKwmqf98D8HTW.udCPWaQ6d3y', 'King Rodrigo Gorczany', 3, 1, 1,  NOW(), NOW()),
(17, '77358731-7dae-4a94-98ca-b097546ccf7b', 'user017', '$2a$10$6qJQRxi7ln6zNY3kHmiJLOBnv5JpNcyHS9m9ygOojmQilfsvrljgS', 'Mr. Horace Beier', 3, 1, 1,  NOW(), NOW()),
(18, 'f69e916a-21d0-4f1e-901e-b75de923905d', 'user018', '$2a$10$tWX4ZHzxYDNJ5swgOXbxqO83iNdNTHsJDlXXyBiHkvVvONVXI0gH2', 'Prince Justen Stanton', 3, 1, 1,  NOW(), NOW()),
(19, '87d6900f-ff84-4158-b05f-d02b313d921e', 'user019', '$2a$10$16A/qlNuRDMmtivP5clL2uwPYYScXFb3GLTHRsGKjJtI3xf1J0Qvm', 'Lord Olen Littel', 3, 1, 1,  NOW(), NOW()),
(20, '5081af0c-74c4-4fac-ba68-feb2485e0b08', 'user020', '$2a$10$SdNg32rbIvDMvMui0R7H1.fw9Zal5cHLHkFCjmxoqCm2hvr02iEZi', 'Dr. Peter Stoltenberg', 3, 1, 1,  NOW(), NOW()),
(21, '74f029be-0294-4dc6-b7c6-026b4ab42fb5', 'user021', '$2a$10$OCzSsAMkkwdskqzBqZJccuBCA7puig2vA1q3/ObiimSc.VJlKmroC', 'Prince Olin Feeney', 3, 1, 1,  NOW(), NOW()),
(22, '8092bb8b-d68e-4763-8f9e-2b4bfe29a2fd', 'user022', '$2a$10$heKHmIRd.gWfcko0InF25OdkGcKWaolWHlCv9b0cEzN.TUZ2u.d9m', 'Prof. Moses Halvorson', 3, 1, 1,  NOW(), NOW()),
(23, 'bd99b6da-c60a-4dcc-96c9-b6eaa91786a9', 'user023', '$2a$10$O4OdmsahPFFwwHdNKa5JjOLoPV9xjKrJUY1Tgm2qYBItsO2.xj3a.', 'Dr. Stephen Gorczany', 3, 1, 1,  NOW(), NOW()),
(24, '53cfbf00-da52-44e7-9e71-bfdcba8aa298', 'user024', '$2a$10$uceDEBLY144PoXx5901qy.2x7usEMn6uoyJHstt63C.e6MIQObNsO', 'Dr. Jayden Boyer', 3, 1, 1,  NOW(), NOW()),
(25, 'b6ba5ae5-8441-42d0-a30c-8bda6895353a', 'user025', '$2a$10$DRXTKKGYLt8oABa.EGwx2O2dCH4x3YqCgbQTupbl3dlygxmQDL/Qq', 'Mr. Ayden Kirlin', 3, 1, 1,  NOW(), NOW()),
(26, 'db0e4fdc-2aff-4451-8ad0-fadecd43c690', 'user026', '$2a$10$YrucC90IkBlh4X8vOoBuvO7DtHQ0tFRYWSiyZFhbe1MYwXWxgBAKO', 'Prince Trey Steuber', 3, 1, 1,  NOW(), NOW()),
(27, 'c7e2b11a-bbc0-45ae-81a6-9fdd1e904a58', 'user027', '$2a$10$yw9SvOBLKwZYEC6GXI4WSudalGCCIwu4eBHnet10FNFFRUu0ZrFWi', 'Prof. Cullen Olson', 3, 1, 1,  NOW(), NOW()),
(28, '7265b2e0-3570-4996-803e-89ff0c52d4e8', 'user028', '$2a$10$FL87CdvTPaJOXod8cV36fOcED3p6IwGeAVZh6t..nihLhB.xSFh4O', 'Lord Oscar Braun', 3, 1, 1,  NOW(), NOW()),
(29, '9aad6b4a-eee7-4f26-a87d-414fe7f136bc', 'user029', '$2a$10$f.oIbSgtjVP9cb3traYqy.xPhjmDWsSz5tPwF3/pYgYmz2h30qIp.', 'Prince Chase Kunze', 3, 1, 1,  NOW(), NOW()),
(30, '065b848e-3efb-4767-8ac7-d0e133f584f6', 'user030', '$2a$10$9Y4jhgcy0D0hJiursOdcj.D07egNqODmeiJkcnWYng7J5/ahMMyFq', 'Mr. Halle Rodriguez', 3, 1, 1,  NOW(), NOW()),
(31, '29610e79-ea3b-4fb1-84c4-009335c22c97', 'user031', '$2a$10$hSXqWgzVcGGpEliHUErE.OzEFq4e6RxDz6d3tSbsqjBZ5iOB5MDE6', 'King Jedidiah Torp', 3, 1, 1,  NOW(), NOW()),
(32, 'b112b138-bf6f-4451-bc8b-c92492621ef1', 'user032', '$2a$10$4mA6c72GSL18XYQ9UgDiYOD89IETDkf3RiK7zDZ4vZCB/MaQO2L0u', 'King Robb Satterfield', 3, 1, 1,  NOW(), NOW()),
(33, '7269b1cf-5aec-4301-a4a0-b625b809eb5e', 'user033', '$2a$10$EB790HzNuQRUcFI7F.9dK.vR/DWy4W.LdXHgCUvFhfsJJxxe/bp6u', 'Prof. Trent Swaniawski', 3, 1, 1,  NOW(), NOW()),
(34, 'ab34dfba-d362-4519-9bf0-5b52cb7b6714', 'user034', '$2a$10$mkCIw8bM/r3kQkD5Jdb9.u5d8LxOyhpcdgq3O2RTkcCPVXpXlOCkm', 'Mr. Keyshawn McLaughlin', 3, 1, 1,  NOW(), NOW()),
(35, 'd55ca290-3ff5-489f-937a-2c84f2742d58', 'user035', '$2a$10$6MIO/rTgn4HWg/MmKbLiu.Bjd29P1R2xSX9xW.HhU6g0bfJNs6dxm', 'Prof. Emilio Hills', 3, 1, 1,  NOW(), NOW()),
(36, '1c1881ae-91b8-405a-a537-90c31453f9a6', 'user036', '$2a$10$..JYkdQf/MUa55Kbd.Tj5OaB.aeupCXSZkUscDVenbq8D9dOTY8oS', 'Dr. Merl Emard', 3, 1, 1,  NOW(), NOW()),
(37, '4096d4ed-26cc-42a4-9c0c-dc408982e763', 'user037', '$2a$10$kvG7.fQNZN3wIzQMOrd25e9cxX6N2Tk1xchoyT4HeOibzkZ1Tri4i', 'Lord Thaddeus Prosacco', 3, 1, 1,  NOW(), NOW()),
(38, 'ea14d013-0954-459e-ab86-fdbfd0b5edb4', 'user038', '$2a$10$r1KFzb6QyuszkTnsSCr2AuIhMk8Ho9/BZ9S.1rIMQwkeb.WRuMK8O', 'Mr. Sofia Feeney', 3, 1, 1,  NOW(), NOW()),
(39, '7bde4711-c7b2-4395-a819-9ae0777d704e', 'user039', '$2a$10$XGjIs18Na0/ReH0k4JTm..6.ea910WNJ5S7ccolTn8kcjpMweW2pm', 'Dr. Gust Goodwin', 3, 1, 1,  NOW(), NOW()),
(40, '5dfe47a0-9ba0-4063-a0b5-b60aab3cb4ef', 'user040', '$2a$10$3zh5ksktrIRB1BeMaB.g7u91V5vbbRhNgyF1lbJ6fXmnIbL.X19hi', 'King Elvis Weimann', 3, 1, 1,  NOW(), NOW()),
(41, 'fce647bf-8f44-49de-85e1-84fc1d2eaa9a', 'user041', '$2a$10$e1py19ldGY4.s.ktVEjc3ukQkW06iqH9WbEJlOEe8xRji3DFl6lPu', 'Prof. Adolfo Pacocha', 3, 1, 1,  NOW(), NOW()),
(42, 'f25c5982-b7be-45d4-95d1-6cdb49b74c0b', 'user042', '$2a$10$VH9xilAtkb5jF8l//GLbreWSDgY76j8Nx7AM/GrZuqD4JryAOnAYe', 'Prince Lawrence McDermott', 3, 1, 1,  NOW(), NOW()),
(43, 'f812f80d-ccc4-4b3a-a6a6-7ee48ba40235', 'user043', '$2a$10$dEvJTC8Vx7BYzW0WUzTRZuAQdPcu/NX8eGBjZ8FQnBzrtcwXmRhIm', 'Prince Jerrod Hintz', 3, 1, 1,  NOW(), NOW()),
(44, 'e2cd7fa0-8abc-45e7-9a0c-2cd33ed143f0', 'user044', '$2a$10$xBFRrwdOmc8kf342YCh7FO7LmnPBWkQnsmnZZcJiHXDdRF/quDduO', 'Dr. Reginald Kirlin', 3, 1, 1,  NOW(), NOW()),
(45, 'f24d568d-841c-45dd-a2ec-6b34ab8478dd', 'user045', '$2a$10$nWyq2EzxfNrY4F3HUA2tYOj.Mg2hTSS0ESwBGlJ5yUCVvZKrN3zeq', 'Lord Terrence Hirthe', 3, 1, 1,  NOW(), NOW()),
(46, '51be9171-4502-4b23-9652-13cc3293213d', 'user046', '$2a$10$8jdOjSEIVX664O16URUwt.EvxEbEC/NC3qlBkAWcF9igHzUFyyi26', 'Mr. Kirk Swaniawski', 3, 1, 1,  NOW(), NOW()),
(47, '6bb60e95-0425-4815-bca4-d0cfd66d2422', 'user047', '$2a$10$JI8qQC1tp0Ab/sOFWC1h/e5r4f0Rb0ilmDry0BK2L3/TUoKErnEWG', 'Prof. Everardo Grimes', 3, 1, 1,  NOW(), NOW()),
(48, 'e001dcbd-7352-434e-9f14-c1c72c2c6c56', 'user048', '$2a$10$eAijcBTiTZPPgGi3HsPzxevESrlGf8rEY6Tvn/Enza1nQWyRiPyAC', 'King Laurel Barrows', 3, 1, 1,  NOW(), NOW()),
(49, '52160769-72ce-40c3-b6df-6e76b0d88f8a', 'user049', '$2a$10$up6SPlsK7JynjplYYnaDWeOb/p00mBhL2KdpgOSYQNKlnJ72xsk0q', 'Dr. Jayce Langosh', 3, 1, 1,  NOW(), NOW()),
(50, '0e88490a-2f40-4c88-9081-2cf929ed9506', 'user050', '$2a$10$xnbakEc9aEFpm2F3HqzlM.9Q5kPqN7nqGrrGC8rp5KKuglOyEYQg6', 'King Danny Hoppe', 3, 1, 1,  NOW(), NOW()),
(51, 'fbfdc16c-b464-4f8c-968d-d19389115655', 'user051', '$2a$10$58EfuO2xdc711uVlrvbwV.ldkmBwVvWeSO4X0n8npdG5Fzb/ngdwe', 'Lord Ross Wisozk', 3, 1, 1,  NOW(), NOW()),
(52, '335447c3-ab53-4e5c-88c9-82faf5239b95', 'user052', '$2a$10$JB/1lFset5iQjAC0/R/o/.aI1TUYJheNg0RlKrCBd6YzhQg4x8xeO', 'Prof. Jamarcus Carter', 3, 1, 1,  NOW(), NOW()),
(53, 'cc2c61a2-29b0-4947-baf0-8bb47590b162', 'user053', '$2a$10$MvPDjJuXzOIkrrZRln9tFuUpiEJOgTEMRTD0yTKav8uYWyarVU2kC', 'Lord Carmel Lockman', 3, 1, 1,  NOW(), NOW()),
(54, 'd4436533-74b1-4b34-94a5-e37ade3224e9', 'user054', '$2a$10$afWk12u1ODPFvz8W26ycTe.ixkSd504QRrHXRVxtSOK7Xmk6VjENO', 'Dr. Tavares OHara', 3, 1, 1,  NOW(), NOW()),
(55, '4e7e8d57-a966-4633-9d13-8f9e437770e9', 'user055', '$2a$10$yWY7jZFx.z6kqurQ6oGUh.vV9B1rJ/KKWKzELUu867H3cmbjkc2cG', 'Lord Devin Krajcik', 3, 1, 1,  NOW(), NOW()),
(56, '6227a011-f7c9-442e-a2a9-b3fb272f2b19', 'user056', '$2a$10$NMX669AwNNJTQo4yM3gS0eIXTeS9Wfi/BTp6zbuqHJuXW.iIYx/mW', 'King David Hintz', 3, 1, 1,  NOW(), NOW()),
(57, '1404fff9-a267-4b3f-ab42-8ef33fb6754f', 'user057', '$2a$10$MP1Hs6H0OGPjXhVXAmiGgeaOyJM33oZHTFd6IBSaxmYYCuvtMvE4q', 'Lord Terrance Will', 3, 1, 1,  NOW(), NOW()),
(58, 'cf790502-28ce-4b85-be80-68656f961c80', 'user058', '$2a$10$7XuGZSUnoMn9kVByJGzxEev2Im5Ek.9sAZDo4WiHVOdim4JAwFF4e', 'King Zion Hoeger', 3, 1, 1,  NOW(), NOW()),
(59, 'eeb199e4-793d-4d73-98cc-9811981afc0d', 'user059', '$2a$10$txhuwt7zbFg0Kq9hnfPQUOD24bZLDypot9LxNjDfFuEQ9JespgRvy', 'Mr. Louie Dickinson', 3, 1, 1,  NOW(), NOW()),
(60, '01270898-0f90-418b-85b1-e37b4fd4eb5f', 'user060', '$2a$10$mM27b.JIGccYR8TE6xuUSuxH1awx7aDLVCRSTC39f3S2gJTTxvT9u', 'Prof. Harvey McCullough', 3, 1, 1,  NOW(), NOW()),
(61, '6fcede33-66d6-4ca4-9aab-3bbe344d6055', 'user061', '$2a$10$yS63els1dzB/d2zUXRYis.IS9Ch9RrYVbkdlQ0150IvMDQdD5JI1m', 'King Darren Windler', 3, 1, 1,  NOW(), NOW()),
(62, 'f496a321-ea64-4b97-9876-febae40fbe58', 'user062', '$2a$10$FWukFbtlC.lBzuey6cgSB.eLp9Jrqy6prJpSzpP7AXy6vHZQyJUA2', 'Lord Brant Altenwerth', 3, 1, 1,  NOW(), NOW()),
(63, '86a96e05-3e05-4b7f-a569-b630bb6a4457', 'user063', '$2a$10$e/EkSaT.7pLDr8HW1JhLR.N7aN6MfgkiKlgjtFGgCCoF/CEeKI6Yu', 'Prof. Frederick Thiel', 3, 1, 1,  NOW(), NOW()),
(64, '0a1b4d5a-8886-4d94-87af-9e84cce14e00', 'user064', '$2a$10$oWEthr/F7ZwzAhp9XSIyOOg291bTPAT8YbIjBFOZHcHdEv7sG6TTy', 'King Tyrese Kreiger', 3, 1, 1,  NOW(), NOW()),
(65, '7d49eb9e-0b3a-4111-ac68-05ec0a9f5594', 'user065', '$2a$10$JtuGNbLz4E8xgZkCaFTWd.zyMkeq0PS6SYI70l1ZSh33SDStoYSwC', 'Prof. Llewellyn Wintheiser', 3, 1, 1,  NOW(), NOW()),
(66, '66e0edde-7bcd-4a07-ae1b-79ae0d08f95f', 'user066', '$2a$10$R6xenooSzk4geotgDCh8.exy1ZVCPnLggAWY8w7wEbQR.rMyyx9bu', 'Prince Wilburn Kunze', 3, 1, 1,  NOW(), NOW()),
(67, '68f91c8d-4d0e-4d5e-9698-eadf5c945541', 'user067', '$2a$10$DuBVKfqdso6eEDpnt4k/POJXftsULCydL0jxQe5LgCZz91hkFPYwe', 'Dr. Barrett Mraz', 3, 1, 1,  NOW(), NOW()),
(68, '40f52a76-9c80-4661-80e4-304541fbf96c', 'user068', '$2a$10$JlhL1w/msgX2g44Iy7sd5.zniNQg/2COgBwyNzfIk0ZeRGB4skUCW', 'Dr. Candelario Muller', 3, 1, 1,  NOW(), NOW()),
(69, 'ae54603d-faf6-4fcd-a4aa-db45267274d6', 'user069', '$2a$10$gmHHBo7d8dOW00jlKYlHMOsst.M7HGBx/dwsbJuC4BXwvQHeT3pTa', 'Lord Morris Rosenbaum', 3, 1, 1,  NOW(), NOW()),
(70, '098e3333-e759-49ca-848e-5d025c3b0a82', 'user070', '$2a$10$RZzjxHVk/OGUJxm2r0PSpODMaI7THfIVe6YDIw6NYYsX4edmg/svy', 'Prof. Allen Daniel', 3, 1, 1,  NOW(), NOW()),
(71, 'deeb50d5-f7ec-426f-8f19-4d059a57e42d', 'user071', '$2a$10$cXfC1MSYT40o7dJr0DireeddfHgTR/5sWbucvxdjZ0jLmc2INT9Q2', 'Lord David Hessel', 3, 1, 1,  NOW(), NOW()),
(72, 'e423e0d6-3278-47e2-a279-0776e26a6fb6', 'user072', '$2a$10$BL0yviQVbFG1nYVH1JXJ3O.d7g3kWEZfwFqae/Ntn4yjFD5Ih9RGW', 'Prince Jeramie Sipes', 3, 1, 1,  NOW(), NOW()),
(73, '916d472d-c126-44ef-bec8-d6534066ff2c', 'user073', '$2a$10$.H4GJ05XQ6H4zWplkUWcEefTSbTzJ/kwd7ZwiS1hWRCj9dbU280nG', 'Mr. Lucius Wehner', 3, 1, 1,  NOW(), NOW()),
(74, '5aa0dd24-50b3-437c-8bdd-2f7130f2043c', 'user074', '$2a$10$CK8b.9h2rFYhKn2jfyCvp.VGfOG1c9OpEi01uKrWpkiJFVc2GyBRS', 'Mr. Izaiah Kohler', 3, 1, 1,  NOW(), NOW()),
(75, 'eff67b64-5713-4e99-bd6d-90e77419976b', 'user075', '$2a$10$oFvZiG7tcLbDgQU0D1gf0.ZMG1TLbVtkhlVeobUBIlLOTOmU8BCdm', 'Mr. Laron Reinger', 3, 1, 1,  NOW(), NOW()),
(76, 'a8b91c26-ea56-4975-9960-a6d87a2a68ac', 'user076', '$2a$10$Mpc8tx8GUQE2halNv/MiaugK5xcI.VOq68FWvNrEJatXE5kZmwEzW', 'Dr. Salvatore Lowe', 3, 1, 1,  NOW(), NOW()),
(77, '5290391a-928b-4e1e-a9ce-fc54e02d140b', 'user077', '$2a$10$IbYI5TOIaxKvKIe14kG6WuV8YBnGcHUTznVnnphhW3I.QEobNfhSG', 'Mr. Nelson Simonis', 3, 1, 1,  NOW(), NOW()),
(78, '2ebb9324-46b3-46a3-98d3-264255fd1dc3', 'user078', '$2a$10$3lXT4Idgyinb514MHp5G6uYRfGjZA3Fx3CQSDcBPem2/dShmCMdiq', 'Dr. Chesley Walker', 3, 1, 1,  NOW(), NOW()),
(79, '9f9368b5-5797-4983-80da-ea1937a5076b', 'user079', '$2a$10$iA7fiCbIhk4iy3cv4/L2e.Ya3sj50NmGCQ7kiYKCiL/HRg9ebvaL.', 'Lord Jace Will', 3, 1, 1,  NOW(), NOW()),
(80, 'ebe32baf-8ef5-498d-9560-9eb47e9477d2', 'user080', '$2a$10$raZZCV/UqsZW/14RevnrWu2g9HiUZXDLbY84G5bIcWM.rHDAVSVWe', 'Prof. Solon Stanton', 3, 1, 1,  NOW(), NOW()),
(81, 'ef9c42ac-e5bb-4939-8301-e528d11c23e4', 'user081', '$2a$10$6FiZ53d5hmgWjZKnko2xOOn7zPCu/lpVhRjNXJAqmEEnGBGd6hRtK', 'Dr. Alex Larkin', 3, 1, 1,  NOW(), NOW()),
(82, '5ffe3782-c0a7-432a-8c87-ae8cde8363ac', 'user082', '$2a$10$40WKmfmHjvYRGdcGIJk8U.7NZ9hLiVtnEKRykto6/5tDAkJQWmzaK', 'Lord Reynold Friesen', 3, 1, 1,  NOW(), NOW()),
(83, '7e7eb085-52a4-4b55-8535-b7746b8d318d', 'user083', '$2a$10$7BP12n5Q/zNRKAK2CfY3IuUcTtiXeC.3EBHUBVtIfS8r0v5c0kxIS', 'Mr. Dangelo Harber', 3, 1, 1,  NOW(), NOW()),
(84, '73f63ec8-bb3e-477a-923b-4dd0c33496ae', 'user084', '$2a$10$yCIrj1t8VpqNkCI0FNgdke2XsGPGswbbldvv0GHVs6EMFNvFfqpt2', 'King Devyn Adams', 3, 1, 1,  NOW(), NOW()),
(85, 'a5a379af-0de2-45c8-b939-3840fa29aaf6', 'user085', '$2a$10$mk9glieQH6GR3eX7/82TYOoaPStwJFg/WiOseoR5w4N0LV8ptZL72', 'Mr. Drake Hilll', 3, 1, 1,  NOW(), NOW()),
(86, '8e5b0439-d9d3-4eeb-b178-ecc5eb42a880', 'user086', '$2a$10$gWYMl/sHve0TXhyTQmSUXOytzbP21uiwI4QGRQaitRYyX5tQBDVb2', 'Dr. Kennedy Moen', 3, 1, 1,  NOW(), NOW()),
(87, '82a91775-d51c-4a4b-93c6-a09c052c4d04', 'user087', '$2a$10$XzRMQKpTdmmywJhnsvtJ7eROSWdsU7lTLvEFnulDhl8GyKElJxnyK', 'Prince Luigi VonRueden', 3, 1, 1,  NOW(), NOW()),
(88, '5404b577-484e-42aa-9056-59c4cb131c56', 'user088', '$2a$10$E/0RdcuOiH3QBDirDqeEYeay0WfyWcJ1WdTnWh3fneNboxBOo/t8e', 'Prince Rosario McLaughlin', 3, 1, 1,  NOW(), NOW()),
(89, '4668c73c-0d12-4949-b046-ef3402eb25c1', 'user089', '$2a$10$vGGXdNyv4sAj5m1H9WviA.ENpPJZDjYUmLH79y4IFf63B/pt/rsOC', 'Lord Noel Waters', 3, 1, 1,  NOW(), NOW()),
(90, 'fbfdd568-5549-426f-b7ce-486732252f58', 'user090', '$2a$10$tLgVY4E2peU.miibTuvpbeu7vFMSZtj5.OszSiH1xJbk1X3qiFLU2', 'Prof. Americo Connelly', 3, 1, 1,  NOW(), NOW()),
(91, '97356eed-7f98-412b-b1fa-2da20c414e10', 'user091', '$2a$10$PoocgeRawKMzNGF6WAZar.8/S8QzrnJNxveyw/KJwbdOJWQQqILxq', 'King Brendan Batz', 3, 1, 1,  NOW(), NOW()),
(92, '2d75dcfc-3d72-47a6-b92e-1d8e3082afed', 'user092', '$2a$10$r6Qh9/Mcv5WqmotV6XPGkeQwXn7hq7DC.SB763E/IpLeMWuwVQSrC', 'Dr. Dallin Shields', 3, 1, 1,  NOW(), NOW()),
(93, 'fbdc39db-87a8-41f0-b24e-9fd6149dbfc7', 'user093', '$2a$10$9zM96x.E8Hod06yar3aXOObdnnJ4k81feQA48Q24K8/5ItxbGONIW', 'Prof. Ricardo OKeefe', 3, 1, 1,  NOW(), NOW()),
(94, '75e4fc05-da74-4776-98d1-e12e823cbdfc', 'user094', '$2a$10$p0vrMkyI7xDflD9z4xRtO.5GBEnOZxtfgEn8lw3fVN3K.n8E6CtMC', 'Dr. Terrance Gulgowski', 3, 1, 1,  NOW(), NOW()),
(95, 'e8e1041b-9baa-4018-8839-cb28768ab462', 'user095', '$2a$10$sktIIEn7yKME..owvXjP7uucV5SaOQWgQVQOcLJSImdV5/ZP8q3dK', 'King Haskell Kuphal', 3, 1, 1,  NOW(), NOW()),
(96, '07d3c959-5552-4e14-8163-ce53cc7c79f5', 'user096', '$2a$10$goteSu1vvf7nFhRVjaXdL.Q8CHmXqAatbbazPIL6uKqZg4OrMERMe', 'Lord Trevor Corkery', 3, 1, 1,  NOW(), NOW()),
(97, '81fac998-4dfc-4278-b18e-9e093ba14078', 'user097', '$2a$10$X1fWiDQ69sSIkjVAPL8mbeRxQ8Hoo1EnvJLFDzAAQjR4an4h5oErK', 'King Ronny Weissnat', 3, 1, 1,  NOW(), NOW()),
(98, 'c2095b6c-0e47-4e85-b1c2-5646d134c7b9', 'user098', '$2a$10$lZ9P4Y6WoeI11QxIZi3EaOdG0l61XasN71TbWqkk2HhDCRSDoALRC', 'Prof. Bruce Weissnat', 3, 1, 1,  NOW(), NOW()),
(99, '231f9b60-4206-4995-869f-574932ad391c', 'user099', '$2a$10$Odi5OQ7WtQahdaqiu1OFlOWnkWkCPk1bFJLMIm.Q7JhX6Igi6BMuK', 'Dr. Isac Hane', 3, 1, 1,  NOW(), NOW()),
(100, 'df128353-a5dc-4663-bc0a-98c7a0703ebd', 'user100', '$2a$10$6I33HFgQ7ZJH0AfismYQJeD1C02yryzh1LaARS5UpgmPF93ejBg9K', 'King Shawn Funk', 3, 1, 1,  NOW(), NOW()),
(101, '21a1af74-545b-4182-8688-8b30c5076fec', 'user101', '$2a$10$hj/xeJrjuBccGhYVp7p0z.ge9si/gqQUmwom9qoSz/gis35hVji42', 'Dr. Kameron Quitzon', 3, 1, 1,  NOW(), NOW()),
(102, '135cfe2b-dd73-4556-94cc-b6629743425a', 'user102', '$2a$10$efAK6VQcvLyDEhmhhR1N3uUU7C7mDltQyBUVr7IUvIHJyIOuHxkaS', 'King Scotty Murazik', 3, 1, 1,  NOW(), NOW());

INSERT INTO user_salaries (user_id, amount, effective_from, created_by, updated_by, created_at, updated_at) VALUES (1,  6860571.00, '2024-01-01', 1, 1, NOW(), NOW()),
(2,  4985868.00, '2024-01-01', 1, 1, NOW(), NOW()),
(3,  5784023.00, '2024-01-01', 1, 1, NOW(), NOW()),
(4,  3986719.00, '2024-01-01', 1, 1, NOW(), NOW()),
(5,  6637467.00, '2024-01-01', 1, 1, NOW(), NOW()),
(6,  6679627.00, '2024-01-01', 1, 1, NOW(), NOW()),
(7,  6142486.00, '2024-01-01', 1, 1, NOW(), NOW()),
(8,  3414242.00, '2024-01-01', 1, 1, NOW(), NOW()),
(9,  6436304.00, '2024-01-01', 1, 1, NOW(), NOW()),
(10,  4981334.00, '2024-01-01', 1, 1, NOW(), NOW()),
(11,  7142619.00, '2024-01-01', 1, 1, NOW(), NOW()),
(12,  5672743.00, '2024-01-01', 1, 1, NOW(), NOW()),
(13,  3522932.00, '2024-01-01', 1, 1, NOW(), NOW()),
(14,  5458821.00, '2024-01-01', 1, 1, NOW(), NOW()),
(15,  4393687.00, '2024-01-01', 1, 1, NOW(), NOW()),
(16,  6040505.00, '2024-01-01', 1, 1, NOW(), NOW()),
(17,  5795686.00, '2024-01-01', 1, 1, NOW(), NOW()),
(18,  5658496.00, '2024-01-01', 1, 1, NOW(), NOW()),
(19,  4350368.00, '2024-01-01', 1, 1, NOW(), NOW()),
(20,  6745445.00, '2024-01-01', 1, 1, NOW(), NOW()),
(21,  6385627.00, '2024-01-01', 1, 1, NOW(), NOW()),
(22,  7894588.00, '2024-01-01', 1, 1, NOW(), NOW()),
(23,  7408205.00, '2024-01-01', 1, 1, NOW(), NOW()),
(24,  3961628.00, '2024-01-01', 1, 1, NOW(), NOW()),
(25,  4305879.00, '2024-01-01', 1, 1, NOW(), NOW()),
(26,  5859205.00, '2024-01-01', 1, 1, NOW(), NOW()),
(27,  3047769.00, '2024-01-01', 1, 1, NOW(), NOW()),
(28,  7727237.00, '2024-01-01', 1, 1, NOW(), NOW()),
(29,  3162128.00, '2024-01-01', 1, 1, NOW(), NOW()),
(30,  5357251.00, '2024-01-01', 1, 1, NOW(), NOW()),
(31,  4154064.00, '2024-01-01', 1, 1, NOW(), NOW()),
(32,  4262952.00, '2024-01-01', 1, 1, NOW(), NOW()),
(33,  5905426.00, '2024-01-01', 1, 1, NOW(), NOW()),
(34,  6577333.00, '2024-01-01', 1, 1, NOW(), NOW()),
(35,  7680586.00, '2024-01-01', 1, 1, NOW(), NOW()),
(36,  5021554.00, '2024-01-01', 1, 1, NOW(), NOW()),
(37,  3417743.00, '2024-01-01', 1, 1, NOW(), NOW()),
(38,  7215556.00, '2024-01-01', 1, 1, NOW(), NOW()),
(39,  6924183.00, '2024-01-01', 1, 1, NOW(), NOW()),
(40,  7100877.00, '2024-01-01', 1, 1, NOW(), NOW()),
(41,  3467532.00, '2024-01-01', 1, 1, NOW(), NOW()),
(42,  5541901.00, '2024-01-01', 1, 1, NOW(), NOW()),
(43,  7724878.00, '2024-01-01', 1, 1, NOW(), NOW()),
(44,  3612936.00, '2024-01-01', 1, 1, NOW(), NOW()),
(45,  4637623.00, '2024-01-01', 1, 1, NOW(), NOW()),
(46,  7198762.00, '2024-01-01', 1, 1, NOW(), NOW()),
(47,  6518174.00, '2024-01-01', 1, 1, NOW(), NOW()),
(48,  7957226.00, '2024-01-01', 1, 1, NOW(), NOW()),
(49,  3274720.00, '2024-01-01', 1, 1, NOW(), NOW()),
(50,  4826491.00, '2024-01-01', 1, 1, NOW(), NOW()),
(51,  7614880.00, '2024-01-01', 1, 1, NOW(), NOW()),
(52,  5045464.00, '2024-01-01', 1, 1, NOW(), NOW()),
(53,  3541682.00, '2024-01-01', 1, 1, NOW(), NOW()),
(54,  4640685.00, '2024-01-01', 1, 1, NOW(), NOW()),
(55,  6533326.00, '2024-01-01', 1, 1, NOW(), NOW()),
(56,  6981102.00, '2024-01-01', 1, 1, NOW(), NOW()),
(57,  3832791.00, '2024-01-01', 1, 1, NOW(), NOW()),
(58,  4420565.00, '2024-01-01', 1, 1, NOW(), NOW()),
(59,  7853702.00, '2024-01-01', 1, 1, NOW(), NOW()),
(60,  3790820.00, '2024-01-01', 1, 1, NOW(), NOW()),
(61,  6243384.00, '2024-01-01', 1, 1, NOW(), NOW()),
(62,  3452305.00, '2024-01-01', 1, 1, NOW(), NOW()),
(63,  7860409.00, '2024-01-01', 1, 1, NOW(), NOW()),
(64,  7366307.00, '2024-01-01', 1, 1, NOW(), NOW()),
(65,  6598450.00, '2024-01-01', 1, 1, NOW(), NOW()),
(66,  7395662.00, '2024-01-01', 1, 1, NOW(), NOW()),
(67,  3793809.00, '2024-01-01', 1, 1, NOW(), NOW()),
(68,  6995358.00, '2024-01-01', 1, 1, NOW(), NOW()),
(69,  7967347.00, '2024-01-01', 1, 1, NOW(), NOW()),
(70,  6910730.00, '2024-01-01', 1, 1, NOW(), NOW()),
(71,  7284977.00, '2024-01-01', 1, 1, NOW(), NOW()),
(72,  5716786.00, '2024-01-01', 1, 1, NOW(), NOW()),
(73,  6055679.00, '2024-01-01', 1, 1, NOW(), NOW()),
(74,  3689547.00, '2024-01-01', 1, 1, NOW(), NOW()),
(75,  7678160.00, '2024-01-01', 1, 1, NOW(), NOW()),
(76,  6498402.00, '2024-01-01', 1, 1, NOW(), NOW()),
(77,  4593479.00, '2024-01-01', 1, 1, NOW(), NOW()),
(78,  7478168.00, '2024-01-01', 1, 1, NOW(), NOW()),
(79,  4463776.00, '2024-01-01', 1, 1, NOW(), NOW()),
(80,  4703140.00, '2024-01-01', 1, 1, NOW(), NOW()),
(81,  6379705.00, '2024-01-01', 1, 1, NOW(), NOW()),
(82,  4233630.00, '2024-01-01', 1, 1, NOW(), NOW()),
(83,  6916822.00, '2024-01-01', 1, 1, NOW(), NOW()),
(84,  5167669.00, '2024-01-01', 1, 1, NOW(), NOW()),
(85,  7155318.00, '2024-01-01', 1, 1, NOW(), NOW()),
(86,  3633796.00, '2024-01-01', 1, 1, NOW(), NOW()),
(87,  3323876.00, '2024-01-01', 1, 1, NOW(), NOW()),
(88,  5160374.00, '2024-01-01', 1, 1, NOW(), NOW()),
(89,  4478301.00, '2024-01-01', 1, 1, NOW(), NOW()),
(90,  4320691.00, '2024-01-01', 1, 1, NOW(), NOW()),
(91,  6258444.00, '2024-01-01', 1, 1, NOW(), NOW()),
(92,  6842999.00, '2024-01-01', 1, 1, NOW(), NOW()),
(93,  4842370.00, '2024-01-01', 1, 1, NOW(), NOW()),
(94,  3452511.00, '2024-01-01', 1, 1, NOW(), NOW()),
(95,  5778667.00, '2024-01-01', 1, 1, NOW(), NOW()),
(96,  5372143.00, '2024-01-01', 1, 1, NOW(), NOW()),
(97,  3619948.00, '2024-01-01', 1, 1, NOW(), NOW()),
(98,  4784419.00, '2024-01-01', 1, 1, NOW(), NOW()),
(99,  6617862.00, '2024-01-01', 1, 1, NOW(), NOW()),
(100,  7994055.00, '2024-01-01', 1, 1, NOW(), NOW()),
(101,  6747062.00, '2024-01-01', 1, 1, NOW(), NOW()),
(102,  5971860.00, '2024-01-01', 1, 1, NOW(), NOW());
-- +goose StatementEnd
